x0,x1,label
0.8616722150185228,0.7958526101017311,0
0.548524744634457,0.8355704092991548,0
0.2430915120750876,0.6252296416575435,0
0.968877668321639,0.7502385938940324,0
0.36790696386980676,0.9437127011400492,0
1.0276768130119982,1.000250618177525,0
0.9392544219344032,1.0373515046234412,0
0.85352796327497,0.9282218833334439,0
0.22742729882058452,0.8055771758038397,0
0.47150237216054164,0.9854536526276418,0
0.8580971913219575,0.7783812985541316,0
0.18266764538119912,1.0458844353580439,0
-0.0839318571045489,0.9248027573867114,0
0.46236463889658613,1.0443534611571508,0
0.9239868594278462,0.6536428981678138,0
0.3132945488053162,0.712948536594927,0
0.7793576789925524,1.0985420543575786,0
0.7352088845836423,0.9565838420292204,0
0.9792868864213832,1.2750688827801118,0
0.7324789831243332,1.1237452272580761,0
1.1739897445530896,0.6975120000290851,0
-0.2225971559720158,0.9064838109987295,0
0.5849663389061353,0.9616260880931894,0
0.5720788520513516,1.0015672497287145,0
0.5783114390528372,0.9448120655479701,0
0.3713477054354351,0.7398713845177624,0
0.4558446134352058,0.8940800654876523,0
0.8844578862961621,0.994174298045633,0
0.894596078257513,0.7024865398498756,0
1.0777103963370114,0.7713635132179125,0
0.3084569886429986,0.4537922153555896,0
0.5928948105244752,0.31604610097440367,0
0.7596159323350435,0.5839909945368685,0
0.9113964707832628,0.5682707406125936,0
1.5636207341191002,0.36029140953716526,0
0.7988744090692791,0.3164726365892021,0
0.3022422072921279,0.43805864489075297,0
0.9977921022203184,0.5629495702638138,0
0.9818858308617311,0.6476273220798522,0
1.048575042371402,0.5937509437009081,0
0.5336821333379862,0.4778956067481368,0
0.9321018221424323,0.4794199967986241,0
1.317109553293661,0.4614590220845666,0
0.31025670750824463,0.7857729861491151,0
1.1101123898506846,0.37184390693553565,0
0.9291396170191603,0.3842755994577943,0
0.8163548536501366,0.27444454854871553,0
0.9213296356920436,0.3139388480352797,0
1.0972059803765575,0.5869446885783528,0
0.654856983178697,0.5383434818404684,0
0.5043816363808495,0.4462881529568151,0
0.6914274368136977,0.4112609949953242,0
1.541311844840848,0.6908995532760961,0
1.5562551720024713,0.4064180457703263,0
0.1309186335264125,0.3608361720314702,0
0.6988289740193824,0.4183028258164059,0
1.0664825139994387,0.8324762959996191,0
0.2091466228479683,0.7509429817337472,0
0.5960377317150387,0.5782577309050246,0
1.3867996895109982,0.27557604663064134,0
0.5972655321083178,0.560506944427906,0
0.6481049305207907,0.6562643439187081,0
0.5719523245494417,0.22287496602403734,0
1.1276659231554054,0.4642219232607108,0
0.26944340682942747,0.3963960773566576,0
0.7794457269637916,0.613710697196303,0
0.7335197055824761,0.5927279248173286,0
0.426705867901345,0.7236169386741989,0
1.0956403160925248,0.593733233169236,0
0.37704528613955973,0.5607096123553016,0
0.33973461317537923,0.41313360431869117,0
0.750793244895665,0.24316714715770452,0
0.7848606221383334,0.39823225200630963,0
1.417500876570792,0.3188609782746552,0
1.1046173827411647,0.762615421392238,0
1.123870500644464,0.5552719023571343,0
0.6124036042100072,0.5579955364961231,0
0.8793889126211843,0.3756657377262441,0
1.6827400132528938,0.40628674139228577,0
0.6537660683571729,0.7093146084461525,0
1.293839616903764,0.6646515688712908,0
0.7648155815657226,0.34598380568354636,0
0.3167926458095481,0.4331471813854662,0
0.771365754122537,0.7052994754692055,0
0.1808080073020825,0.43905691977698824,0
0.8287118740726916,0.3840487438836937,0
0.6168397420750742,0.3220605322683496,0
0.47538639184962855,0.6200178824534796,0
0.43960066390129354,0.6780993135029957,0
0.7921525103420745,0.39022513691072364,0
0.31823912748842054,0.5548494112273848,0
1.0950355732688404,0.419373662751922,0
1.2302945377035337,0.2737225511283346,0
1.1104567183896756,0.34051188644188946,0
1.0226706834049566,0.4320347267137015,0
0.8436158632266668,0.5362828305847563,0
0.5129463444747021,0.6135975810095833,0
0.6380272599924289,0.6771274785388749,0
0.8287671460041335,0.529392936758742,0
0.3591354501719887,0.4898872583167012,0
1.646284888640445,0.033450310368901885,0
1.2002315367437488,-1.3425743685783778,0
1.713434879162861,0.31027163676183983,0
1.4754427174562124,-0.3211280416000925,0
1.1272094890935596,0.1989306225240101,0
1.2991769430401254,-1.2212750680187399,0
1.2409602706453975,-0.6001183570835495,0
1.375834628233905,-0.4785670379002805,0
1.8168891703164838,-0.4116257458708396,0
1.7409258084864967,-0.3458586696896622,0
1.2015102632442132,-0.1767929741418499,0
1.533949934996135,-0.445207247676924,0
1.7732577314258922,-0.405409756608239,0
1.745165625562349,-0.596835661638337,0
1.593981958001971,0.12795784607312688,0
1.473279834218535,-0.22998501343053698,0
1.5983350493887478,0.038550564697318955,0
1.387692212787786,-0.09601700966272893,0
1.4106565691512811,-0.7906403390602317,0
1.529505653978739,0.26484895095129185,0
1.0894918685584571,-0.18848854935676856,0
1.5595631528646454,-0.22864616210405325,0
1.4890567249293007,-0.4153755413725592,0
1.6525340905941637,0.869607760967826,0
1.679749209357367,0.3867631159593157,0
1.4658645068710032,-0.5943546283051707,0
1.7537995981917616,-0.29478369141062355,0
1.519123288595497,-0.55911772267444,0
1.6307202856532348,-1.5310534856829925,0
1.8447832053267703,-1.6129139648858921,0
1.3692557949278281,-0.5229469220156641,0
1.8588724689993232,-0.26869560804756737,0
1.1924261941144698,-0.9229913864544376,0
1.3107024495766981,-0.6027417855647368,0
1.8027966462544986,-0.4216419375279033,0
1.257923669893046,-0.5860951258087782,0
1.5303927593185762,0.3164818395132268,0
1.170135980620105,0.18013044973858577,0
1.598953482280021,-0.285456976897347,0
1.5595955060309916,0.03807545222632908,0
1.631542789416792,1.2672044542873604,0
1.4419304255720657,-0.1678062289670432,0
1.591141284067852,0.08233854331895245,0
1.827732988653196,-0.4463659548707335,0
1.2687681227608825,-0.5572736150652247,0
1.3944281534120222,0.018331269396811165,0
1.0714437616538506,0.005624619028497709,0
1.3546456854464273,0.46036220765276675,0
1.3884788972609634,-0.9778256290649682,0
1.6679983982777282,-0.7579005958359354,0
1.7415583868848028,-0.6303901808092993,0
1.4371403159557001,-0.24526874532521864,0
1.717079470311765,-1.0530518347561122,0
1.7721618552098068,0.4666869785472391,0
1.5619383924736967,-0.31694291344097125,0
1.4803687102627914,-0.8737796182281978,0
1.243182858584854,-0.27401348424540534,0
1.2726722945713487,0.6293945567838773,0
1.2734567455604406,-2.111406995361141,0
1.5798816921054355,0.6212462388587825,0
1.3709432595540592,0.16725233752097918,0
1.7509515565106613,-0.15636869504212336,0
1.267069901182228,-1.2318045375205307,0
1.4565959113349323,0.01170425911159611,0
1.5632709121372375,-0.13176983886876176,0
1.4363952500884374,0.27263539507610474,0
1.5260621837450776,-0.5213998693771421,0
1.6615403110422473,-0.13195320342643743,0
1.5616797867727088,-0.2671871848350417,0
1.5558989450967513,-0.2203604228305124,0
1.8080360413161043,-0.7361843773045682,0
1.516583923879703,-0.8779294623198826,0
1.6571996924371197,0.16544347892485994,0
1.505520599479932,-1.4115185187990298,0
1.6900584850259415,-0.41823777562211184,0
1.2176297832729799,0.03677727567977336,0
1.9596529550006418,-1.0376462286842516,0
1.571335507559649,0.0709302427608832,0
1.0118671188195154,-0.9224573560238426,0
1.3318688002517245,0.09149974028162673,0
1.5698593554867826,-1.6245576592881736,0
1.563392600829342,-1.1820656370400224,0
1.5225698719241947,-0.8081158755938056,0
1.573666410725938,0.11641164127112034,0
1.492230932597546,-1.113161407390038,0
1.4799392883927656,0.14738687268813,0
1.2692834919596656,-0.7384704255870929,0
1.361262934312182,-0.08070269863103702,0
1.5983576287488561,-0.07973681921040089,0
1.2218176929488562,-0.8200110426500788,0
1.5744987375726975,-0.09011821361775536,0
1.4665078245482022,-0.6115462171839859,0
1.4275157554615732,-0.03974007855956193,0
1.3394820189087204,-0.9049262846103379,0
1.2180588076077306,0.5072087665256602,0
1.4949761577833895,-0.43696759060672324,0
1.3705898009503956,-0.5134655803254905,0
1.1926690216903866,-1.3262678054749626,0
1.2319845700514023,-0.6196054727279939,0
1.655131851762678,0.36904666621488486,0
1.7780079292351703,0.05172800231879497,0
1.7323276752822365,-0.10879983347648538,0
2.0400772025803873,-0.41845091869705525,0
1.6919879191305276,0.07482249655130993,0
1.6342890478424088,-0.6400445620497459,0
1.6192837154972235,-0.2707531289851036,0
1.6466605790908182,0.5857103222870242,0
1.665491268640247,-0.5229894323049021,0
1.641447244653477,0.26955522357530076,0
1.730409700973149,-0.2703234122116639,0
1.3995609204558184,-0.16294356825336645,0
1.4362474146351745,0.19569958684136318,0
1.3340806210096356,-0.32621651084829756,0
1.4335021689627772,0.03264636290165623,0
1.4895616483988725,-0.6486655455734747,0
1.4290874176227244,0.6842672403573522,0
1.3472120718645266,-0.22901603309000734,0
1.7054985708540866,-0.028278912239702258,0
1.2552489220917635,0.7024737703658941,0
1.3018549494426286,-0.7245117743917262,0
1.171725309295514,-0.9634457449233498,0
1.3741750303845708,-0.9914959076731252,0
1.3612970181844144,-1.1459116186467633,0
0.30674827429771134,-1.1557608566254256,0
0.30531227415925244,-0.8296513411880195,0
0.7515241476718028,-0.954001343264967,0
1.432127442491767,-1.060390734285646,0
1.0851612515616298,-1.0094971472997352,0
0.48181615221046054,-0.8721787144373838,0
0.9291696901109064,-0.8877444320603748,0
0.8559645844880399,-1.284611193475247,0
1.0468668301493231,-1.1333446846863529,0
1.5165946569795796,-1.0262707500870736,0
1.320615188103637,-1.0558267699112052,0
1.2086131549949732,-0.8519686180114857,0
1.0925141105337246,-1.0921691817704247,0
1.0788551578427341,-1.2291754949299032,0
1.5894248095347923,-0.9422882081850781,0
0.15187586573882064,-1.1667897230241095,0
0.6906518178657114,-0.850319558071821,0
1.2809046262353891,-0.8468167629216985,0
1.4774237998534756,-1.0133052342297149,0
0.7906423312575859,-0.9945421054379969,0
0.9154356909352376,-1.0080141364810429,0
0.6139588952078704,-0.8692018414047472,0
0.4282831571460831,-1.1182611781310154,0
0.7383603204082028,-1.120447690300516,0
1.10668541791764,-0.9405110041027889,0
1.1152441708768939,-0.9847525952789579,0
1.37679594079781,-1.0267805165936157,0
1.7599092970104095,-0.7943277896799814,0
1.272460331533358,-0.9393796258201691,0
0.640756188535813,-0.9938282549076608,0
1.0340077251857827,-1.0159316909806333,0
1.0441354362565927,-1.0118271444932971,0
0.761016894041217,-1.216634199912964,0
0.7611119179266639,-1.167396198546796,0
0.5505180237234177,-1.1916304521434575,0
1.0020605369883782,-1.3359503684047533,0
0.6912449975810975,-1.09007453622638,0
0.7945486917584526,-1.155547961696525,0
0.6658629070816717,-1.2068574898186295,0
1.4340013587166973,-1.0982435007452422,0
0.24652294042954873,-1.0970588124315277,0
0.9991797074502784,-0.9670478203857855,0
0.7272056725380596,-0.8451847074118275,0
0.7160931673516824,-1.1449947370620852,0
0.5242222297315857,-1.1689319811322358,0
0.9854459458926595,-1.2502171648233864,0
0.985160822902182,-1.1728999441838641,0
0.7176664965640287,-0.791147057855075,0
1.0719848421109228,-1.0670367375756427,0
0.610890847872244,-1.0734676929720977,0
0.25607329824421377,-1.179985865406439,0
0.6818447452219748,-1.1778104438675896,0
0.9481837482588978,-1.2029801364677035,0
0.7831418707820328,-0.9359605166692031,0
0.8295359117974641,-0.9275015338450113,0
0.6997232831874834,-1.1298909814773639,0
0.4902420162590241,-1.0865371673253341,0
0.9283293542500571,-1.301656613703141,0
1.5342948574778488,-1.0950076881913122,0
1.161585333741038,-0.9162325836723931,0
0.9266757778475884,-1.1424954290800264,0
1.1595084215764027,-0.9714051893102853,0
0.75448360715767,-0.9663787229681632,0
1.2705142935658973,-1.1735757821222137,0
0.8623786415157463,-0.9581120296956905,0
0.6485162715787263,-1.2901032719293746,0
0.5963041346154069,-1.0200345973716465,0
0.8528376333903518,-1.5350293738171525,0
0.657863116911852,-1.4125814833241588,0
1.000968610076864,-1.5366836623924844,0
0.615158114758126,-1.427805943826363,0
0.36616251213922396,-1.300808906733275,0
1.144082647277744,-1.4607992023444538,0
1.002498525172839,-1.3806700818693696,0
1.114750678381869,-1.7087945657156234,0
0.9963224020962232,-1.525769312858065,0
0.7021876748474093,-1.5070338351773114,0
0.5893897183589536,-1.537062240683481,0
0.7950359333309575,-1.4866522660923898,0
0.1893416939802525,-1.596532059198842,0
0.7681332083460933,-1.4599898721285507,0
0.6093028891148349,-1.6810834360980824,0
0.7288566322764364,-1.59731834758251,0
0.6784500382560865,-1.6090151687327106,0
0.27441441454342097,-1.621548878596332,0
0.14751475789804636,-1.4400287125013733,0
1.799693159103308,-1.522147841313868,0
0.4226098958217494,-1.445752847205215,0
0.5416330598053647,-1.4823170137367565,0
0.7117565315389184,-1.3413158359850363,0
0.7990179510807265,-1.4387508926981443,0
1.0230006838754913,-1.4954991928886414,0
0.631024203615876,-1.5486602565612573,0
0.7325672469301571,-1.597464753135281,0
0.8190271877639879,-1.349167617120863,0
0.30451834046086956,-1.4911490399143283,0
0.9068484894926118,-1.2379191286181401,0
0.5547151558016006,1.776154609247852,1
-0.13372324663529195,1.7493365733158261,1
0.07636844349644487,1.822725858405249,1
-0.1813016606613029,1.9943060350397441,1
0.5861538653495627,1.7244915000424266,1
0.2721265023415424,1.6344675455244129,1
0.45975128753991434,1.7901465724960426,1
-0.13628299422541523,1.8633854611638143,1
-0.35364335333816876,1.8033437058932484,1
0.3359698067400726,1.9385647935852879,1
-0.10508233198935889,1.7490580514807348,1
-0.09277527487504958,1.7303417490527129,1
-0.1667172262158067,1.7934530571013638,1
0.18184261456328155,1.8727382214311126,1
-0.01338825893266203,1.8174328502758692,1
0.515049196190753,1.7832695915685484,1
0.049885436238011206,1.8902319830451086,1
0.3099125751145149,1.7567542319850575,1
-0.5421274701473437,1.7244410704827589,1
0.28843424588644045,1.7986632339425455,1
0.27755316437764466,1.8216414220171833,1
0.03690645419300336,1.8189398122274365,1
-0.10752821638152464,1.7051544795271965,1
0.15429488279725984,2.1463150181987722,1
0.022281353406794182,1.8499094987730402,1
0.31451609219948967,1.8038755097041914,1
0.5471194588766085,1.7308637825102142,1
0.17139906177301742,1.9260119416537025,1
0.09889487285325098,1.653872381096938,1
0.09274331228580074,1.7490987946256438,1
-0.33708526868004746,1.5780247106755032,1
0.053591335090457756,1.8974345486815594,1
-0.11994310427387433,1.6383121540762993,1
-0.006701741809849486,1.702162699217955,1
-0.36718684535482365,1.6141325722208821,1
-0.8995270874119877,1.5558261525610262,1
-0.37227556329549777,1.383468083000586,1
-0.23831469306708786,1.5602746742587035,1
-0.9212272177742037,1.4902297828939477,1
-0.4769879157970811,1.5185980586718888,1
-0.3657702533172801,1.5137519547880935,1
-0.269783173636964,1.4901378199070514,1
0.06494703812679203,1.6013421709353337,1
-0.405532679677234,1.621175664712462,1
-0.36521912553998415,1.500853397972162,1
0.06765204090070305,1.3892455029884352,1
-0.7266250740454852,1.6308371224253964,1
-0.6949515197256654,1.6516744116995823,1
-0.5572087628726643,1.3857656521588346,1
-0.5991559233269723,1.267594896418029,1
-0.2463028163045444,1.5945464712777433,1
-0.3693838923527256,1.3436050868197724,1
-0.7110587519017426,1.5374439152483754,1
-0.3038780182515406,1.916720422184626,1
-0.2992861742531758,1.5583769180049536,1
-0.7206909591924643,1.520339243778213,1
0.06501118235116558,1.6809303178367994,1
-0.01818634033838284,1.494249713196139,1
-0.5836870960091691,1.8938112261338511,1
-0.38494456678923517,1.6451275194572543,1
-0.8379025535249631,1.4532155292871307,1
-0.5676757809163817,1.3962951242218293,1
-0.6117485221938366,1.761625049020757,1
-1.0621777618301615,1.3964449718227923,1
0.12843579015125975,1.6300722504580438,1
-0.8747476192314548,1.1757058721131035,1
-0.9667616914369225,1.349605684429951,1
-0.6127333041767287,1.6512232547572618,1
-0.611722392764213,1.7134388744769802,1
-0.2473526340744978,1.7334678996292883,1
-0.3184786140577467,1.6079259099298993,1
-0.3912405791539638,1.6172504870934805,1
-0.3225132273759179,1.4068846480100665,1
-0.30798717788598035,1.8050395121078946,1
-0.3739561371863276,1.8366114729257594,1
-0.4382981092397316,1.3157022825324827,1
-0.2689378319112165,1.5570730182010264,1
-0.11579439754737397,1.6643219057100958,1
-0.547236653900715,1.5848124671481985,1
-0.12526697781909296,1.5763265613303283,1
-0.08910673837638691,1.7827375774163994,1
-0.14426398936350313,1.7872049552187428,1
-0.42532883141094396,1.5014891706472484,1
-0.5356502441013382,1.4903229460263239,1
-0.6472898806487981,1.8060887168110231,1
-0.016237875720334995,1.7181894296370133,1
-0.09705452013573666,1.5511419668645987,1
-0.5703358338396968,1.3727835438281437,1
-0.3108856709567671,1.480000688004747,1
-0.38583344280813636,1.592530942693702,1
-0.6625416299673469,1.506220178837148,1
0.13612682273766186,1.369415500650493,1
-0.3283230272750434,1.438652106466038,1
-0.2437084709782978,1.605003099340491,1
-0.4969015970641592,1.4444299860835383,1
-0.44195938890577724,1.725393601949144,1
-0.14499918915644794,1.465927220207226,1
-0.18016952191805868,1.5710971063466104,1
-0.5036940069894745,1.666840596975022,1
0.29283259631113917,1.3677667590794487,1
-0.8174126106763276,0.731197827644713,1
-0.7741873847970457,-0.03511248982842449,1
-1.0805657705809,0.8976460481934869,1
-0.8149670711833404,-0.09425127857473374,1
-1.0374047071675785,0.6324201413187495,1
-1.1241282294542023,0.791546477831703,1
-0.8055509349288684,0.8334204643903025,1
-0.5425551862398199,0.5351498819389133,1
-0.5095899167626483,0.407715228506319,1
-0.67906748424013,0.858985077067755,1
-1.0429220608349172,0.7088698035621045,1
-0.9366009921390047,0.36227214112212897,1
-0.9288294243189424,0.6669310004381547,1
-0.9864388976932468,0.8814748358299679,1
-1.1391011758756362,0.9602466882065795,1
-0.9078283449012176,0.6227655715073722,1
-1.213827274807561,0.00617522913293766,1
-0.936106732268912,0.22611042584086652,1
-0.782897907224817,0.9290673342804341,1
-0.9996657541495177,1.1216508261195763,1
-0.583075352981781,0.41555670301802183,1
-1.1255057261701595,0.9514586302545358,1
-1.1509776902758957,0.9950522112582191,1
-0.9709704127749343,0.5718123900133063,1
-1.0916621727308766,0.07591877074462319,1
-0.7752243350824116,1.3481661774757727,1
-0.7718597302094656,0.6440808243059177,1
-0.9667409579834082,1.132710402269478,1
-0.6833587717497173,0.976162566615588,1
-0.9450131492709366,1.30682072690642,1
-1.4890323955554665,0.6708826536781164,1
-0.35516810834807444,1.26536339359621,1
-0.6963304735207362,0.8912265077681317,1
-1.6447024649924211,0.8105929878361904,1
-1.1527929376920734,1.0827244956665236,1
-0.6554068646489674,1.3355834170769039,1
-1.2004247009125164,0.41134492379913024,1
-1.033003376191248,1.087570885314687,1
-1.4948849133240623,0.9394954708322502,1
-0.786042601237189,0.5679482489978562,1
-0.11414252705962682,0.19664125483370726,1
-1.3791085855235286,1.346503598099565,1
-0.18943052129281251,-0.16519640767143243,1
-1.1245250783121135,1.26862050055652,1
-1.2792348399336042,1.5575299585859288,1
-1.0817224935907188,0.7364104251104852,1
-0.729965065352476,0.37109632918459806,1
-0.9873323066551482,0.5526734109339367,1
-0.8125929344775814,0.5619004330917976,1
-0.27735280066878804,0.7359380250642145,1
-1.2920960611597312,0.6772249987651907,1
-0.6635186400877124,1.3951558485879825,1
-1.0195440639742164,0.36808405675804096,1
-1.0275471768239823,1.896609392553782,1
-1.1324531246304772,0.17989217338428753,1
-1.1033789740424174,0.5791158173401929,1
-0.6382815588411359,0.38209275498298634,1
-1.0274333994536782,0.13521561934142254,1
-1.295378887520012,1.067040153290446,1
-0.6224266956144475,1.3784365775133536,1
-0.7563076414762895,0.6471956308155477,1
-0.9969455389594734,1.0064213238518647,1
-0.847348541486818,1.037161554577919,1
-1.0383255705601382,1.0688316862720433,1
-0.740482909869438,1.0525881102823096,1
-1.0120650827525108,1.169575981511556,1
-0.814110036275616,0.4907063150839197,1
-0.9492132270244521,0.9997497565452237,1
-0.5626735555709096,0.4632950580568974,1
-0.47033295128266955,1.0612960285150264,1
-0.1302967070117851,0.9640310380512889,1
-1.1967846647758564,0.5776816941873267,1
-1.1879794292332841,0.8075608803262472,1
-0.8546857668405722,1.1840851809485886,1
-0.5896184311570294,0.720308017802372,1
-0.7018862490955183,1.174871744301582,1
-1.1346460513886911,0.7340135608992143,1
-0.32201025139753525,0.27777999852371527,1
-1.0817743556204458,0.6442960690265663,1
-1.1356634215578882,0.7611176064980671,1
-0.67158093606125,0.4882842390137746,1
-1.3262312658007287,0.2880132262444234,1
-1.1471122053104763,0.3587573692972075,1
-1.2978560900146723,0.6675083789936632,1
-0.5691766348042289,1.734996443074222,1
-0.8724494145881574,1.9124232341683902,1
-0.8225447407232239,1.3140278906490996,1
-0.8790391891692659,0.014942408826163647,1
-1.8788333384338651,0.8933551662678061,1
-1.4627086867242494,0.3222949694900752,1
-0.6689957450040233,1.4401840025667128,1
-1.0045806144986105,0.4947065403108592,1
-0.9860047454701977,0.4362742592495847,1
-0.9242840226784055,0.02595466895953056,1
-0.9420172420435912,0.748052776734761,1
-0.8652838388267748,1.4040420489111936,1
-0.5695951462747946,1.3749907106371657,1
-1.1084482543344216,0.7828791452303384,1
-1.3159239905964055,0.8826354047919841,1
-1.1287126943653876,0.688153879925288,1
-1.3943992788413142,0.8980319513568363,1
-1.4483902290332777,0.5951483061661021,1
-1.289293501248053,0.8073581189086094,1
-1.570216758004512,0.7984681058871981,1
-1.1614876558949607,0.6865892557794699,1
-1.4123057778890606,1.4533529680895647,1
-0.8773699373481872,0.7922490214291965,1
-1.1392739901709787,0.07852559458496647,1
-1.334056285361335,0.8813541079694593,1
-1.1429170182038715,1.003387360541663,1
-0.49678540705878854,1.1083995506634274,1
-0.7767409621121729,1.7719471895623151,1
-0.5746632475914747,0.803853898895949,1
-0.8780712866302278,1.0667309232671949,1
-0.8579731263044307,1.0700360710071364,1
-0.9386756112306384,1.4638294985967315,1
-0.9192136409137698,1.0121054026530896,1
-1.1061451680819565,0.29591196148893717,1
-0.39785024751018466,1.8827908154398951,1
-0.91008769262634,0.6234192674465747,1
-1.3878059998133754,0.4175734992203355,1
-1.449567798194847,0.006192218636839383,1
-1.3127305079355533,0.2276227901474614,1
-1.2697172931041614,0.0680003283026117,1
-0.8498934066100833,0.08588985262281752,1
-0.9626334133969712,-0.07982611766310262,1
-1.1054267717940407,0.2165853405593473,1
-1.6148596699345144,0.3543243552383834,1
-1.4825184076089375,0.031232694008732666,1
-1.0601638952998367,0.655807476869292,1
-1.3135671959368016,0.06150219828160919,1
-1.5472007509714756,-0.09544295060539433,1
-1.1619116279167512,0.053053883448429845,1
-1.3530129423381705,0.28840623201596444,1
-0.8964075097337433,-0.014462840056996686,1
-1.593280171129229,-0.006541114371620646,1
-0.951159068635605,-0.14688723597773645,1
-1.1635265757099178,0.04839839086768452,1
-1.1400777405581188,0.12522784192197678,1
-0.9273286651027501,0.19528983444033501,1
-0.9510928194874648,0.004825306593076151,1
-0.789204874515409,0.3940149094624915,1
-1.014326190655603,0.07383378225224718,1
-1.3675593255373717,-0.1278547631306007,1
-1.390110229182606,0.06335023068044847,1
-0.9444189436464462,-0.5075099761533134,1
-1.4634204974474383,0.25282957377058946,1
-1.415619873401974,0.3189040613608048,1
-1.3349107635697501,0.5554156300652107,1
-1.1493625610126077,0.10712418913514891,1
-1.1677452568356492,0.15208298910035226,1
-1.3384867466186217,-0.030109169544117218,1
-1.263732192729464,-0.022022963498033545,1
-1.034367138479226,0.23372630615027892,1
-0.8951760243751697,-0.3183539800254091,1
-1.0423255595781538,0.41296986014766324,1
-1.2998090213136637,0.32164247877159846,1
-1.3862398247674856,0.14856191444022024,1
-1.0422120325114055,0.06135641509255208,1
-1.1008559756335567,-0.09178195097507309,1
-1.4194877995861903,0.22220376393533858,1
-1.0866776668553548,0.1397212247065482,1
-1.3513303998194608,0.17278132497013174,1
-1.4438789825777607,0.07715165124550684,1
-0.8370928764993082,0.11496963733521534,1
-1.1252997444398494,-0.0731309862981099,1
-1.1040373593475588,0.10884180028363438,1
-1.324425293030236,0.23678722132198154,1
-1.254104842068934,-0.22343893819690933,1
-1.278331237602545,-0.10559258319644324,1
-0.3639943796728767,0.05837853005632342,1
-0.5305196361806791,0.04685174422561153,1
0.28303390321921035,0.020891492872889463,1
-0.9026483776941095,0.2251194344960053,1
0.12835073420563242,0.01026731962462522,1
-0.3410234275717941,-0.12711559138248615,1
0.12033710256903768,-0.27765005743134913,1
-1.140583906917494,0.049557758292384214,1
-0.6586566887429446,0.07219669374897127,1
0.0630747342191971,-0.15393283362264434,1
-0.38903955384246186,-0.27447121179343226,1
-0.2500963455927032,0.026888637228524005,1
-0.41843482343650196,-0.04250596346791393,1
-0.22088940552146774,-0.24935749030163912,1
-0.22847642451388578,0.12308193131296374,1
-0.8578518801946219,0.16844737459695155,1
-0.23813714231512026,0.007372470259205925,1
-0.0484607448158933,0.10853190395566362,1
-0.4443570466680989,-0.04897509994411356,1
-0.2034270581072512,0.0053489000946770286,1
-0.37122485172106384,-0.26922620870720987,1
-0.2768270507554884,-0.16715976856457143,1
-0.2055707970089188,0.08163402813611209,1
-0.5097095480055142,-0.16358413193663543,1
-0.6687350414049403,-0.476274861016478,1
-0.31061418753788145,0.07373137512308443,1
0.24301191836442088,0.04484489139637954,1
-0.9059887190180934,-0.045787582526941116,1
-0.655359568545709,-0.25502886791986695,1
-0.6839857231683782,-0.07558036407008491,1
-0.7302571377540716,-0.14488606607759927,1
-0.3005011508099164,-0.43234933839544953,1
-0.35457123951192604,-0.21053544701366697,1
-0.04125864941906717,-0.228989193594792,1
-0.5389399165967718,-0.5023622113286219,1
-0.5903148501586659,0.21852846906526205,1
-0.0526512346924511,-0.1713417833780078,1
-0.5453627635647875,0.21777051710375986,1
-0.10965812046909916,0.35839067483030984,1
-0.26935422790452596,-0.17601977949728054,1
-0.45876220319088024,-0.39824260841475684,1
-0.6263847657856547,0.27720421771552534,1
-0.28773478281591847,-0.08937361089877031,1
-0.11567943397590728,-0.2072537925771332,1
-0.3222114425414943,-0.2089776889217698,1
-0.23208392468514624,-0.1898548843512947,1
-0.4351768236723854,0.14785215223968518,1
-0.2027431911559562,-0.13316184775413253,1
-0.004206923462740057,-0.03398398742741817,1
0.18556359399636885,0.4113919801007405,1
-0.6668319063906283,0.23236518295779507,1
-0.48348656969298603,0.02316074243972996,1
-0.5960009349053026,-0.15715181185375937,1
-0.36141829737107906,-0.11504206944149989,1
0.04120501061678722,-0.0880272004564651,1
-0.19963321158578104,-0.4568317709386892,1
-0.20472369522595785,0.025019277241284648,1
-0.6239855944256801,-0.41989615010427167,1
-0.8156243208804228,0.05229839034207905,1
0.06755427394650192,-0.30879393382739684,1
-0.34326641646949907,-0.4481807527496995,1
-0.25274481841795243,-0.035851765667239875,1
-0.19419341825044326,0.425558235999591,1
-0.2198067896507082,-0.06868403370556948,1
-0.30451936989896455,0.20571454945422962,1
-0.6620279551155384,0.06794624504777058,1
-0.5330531048279367,-0.4859897092021578,1
-0.8505958921075373,0.07367837756858198,1
-0.3890394305533902,0.29667886571525853,1
0.22443979397887376,-0.11743611704732534,1
0.8157494230101572,-0.29094084643322027,1
-0.08225026013440313,-0.2886346833801559,1
-0.24352851563530292,-0.39292815685288973,1
0.5633120342926647,-0.41264887404612327,1
0.11254088672058356,-0.2538767819273788,1
-0.05305618577936008,-0.3501558870693763,1
0.2722049003422192,-0.22151390863393158,1
0.4312871169598119,-0.3311525034130394,1
0.5619422554073034,-0.1723225632241733,1
0.17302244080315618,-0.4559372713600744,1
-0.031479328234387906,-0.25836789715717884,1
0.6236053746499522,-0.42550703614639857,1
0.28810289267379874,-0.18600585415676518,1
0.45671681036167056,-0.29299886869214287,1
0.39001440611617333,-0.4364241819223139,1
0.5826653080175642,-0.29327884167591434,1
0.12098575402488226,-0.3191269097445716,1
0.4227879893968353,-0.3057426330574582,1
0.679664841655846,-0.4774241165249067,1
0.25393838457890544,-0.13335547901335704,1
0.4291380020812024,-0.3454781604371515,1
0.5676264190210528,-0.45145138732011536,1
0.784037171900291,-0.4385068298011726,1
0.291204122488258,-0.18853618824700966,1
-0.06402858766290855,-0.2722728540679798,1
1.1996416857086758,-0.1693790477364279,1
0.9609773259824981,-0.5169828171349649,1
0.29132441611410664,-0.23106042570510651,1
0.3934171006292735,-0.46289316399559877,1
0.034269643407584004,-0.4188243401419067,1
-1.2503412705021368,-1.2016243417750505,2
-1.4682999954662745,-1.1141208380643768,2
-1.4501350596902232,-0.8618957289645163,2
-1.3987699363340294,-1.0546611219391107,2
-1.548529688570042,-0.9868603242596159,2
-1.3921082886760705,-1.0709563002087095,2
-1.5350506166611542,-0.9745090407814015,2
-1.3211079089226923,-1.3118730431722816,2
-1.4450074326974984,-0.9946493622041863,2
-1.0809875733189316,-0.789220800103669,2
-1.3960917835980735,-0.8669288922351623,2
-1.586018911625447,-1.0488241105254563,2
-1.2712435593453695,-1.2025552967717805,2
-1.4363529244117095,-1.0305085838991042,2
-1.6679463288494398,-1.0408181425703555,2
-1.2359697910845118,-0.8741647768725976,2
-1.6656038324914693,-1.20814307232303,2
-1.68493323514101,-0.915145525831598,2
-1.1606904981657749,-1.092332394688978,2
-1.3085171514460392,-1.0555314821332467,2
-1.6141071015620498,-0.9849885633775533,2
-1.5670557002996433,-1.017892287501817,2
-1.1379205912105672,-0.7817171989115459,2
-1.0037315432342457,-1.060243119695159,2
-1.6243789715051264,-0.8776750356944595,2
-1.6279565964313818,-1.0563862480691903,2
-1.1723489379266738,-1.0688781797135491,2
-1.0405526951787014,-1.2357099743646551,2
-1.4838868515795771,-0.9930463360858052,2
-1.362966075856756,-1.0656807531848125,2
-1.3327846103545262,-1.1903416540277616,2
-1.3503408811339839,-1.3743682835014568,2
-1.148201307316837,-1.1582931178641491,2
-1.4779805323759974,-1.2756095694378355,2
-1.2835125519752018,-1.1356924803580883,2
-0.44019555905423996,-1.6497133315710262,2
-0.9419735111882361,-1.0977282133588881,2
-0.7517435117300912,-1.4255105880645476,2
-0.526690014204716,-1.7783384640891984,2
-1.1023713814686642,-0.8114301531731832,2
-0.5321887197658188,-1.0715213290788927,2
-1.2069118760822672,-1.3594000085529654,2
-0.7281106644064358,-1.008292245596651,2
-1.3607536896750902,-1.5944729316272999,2
-1.1132536792243781,-0.9460977859099884,2
-1.1238666241159954,-1.1466241009657991,2
-0.8596248726247485,-1.5246644886804814,2
-0.9730449934535296,-1.4928243784357114,2
-1.6592194448007453,-1.670092959804688,2
-1.0599291867418097,-1.037028306619976,2
-0.4397543029056198,-0.8600105212102815,2
-1.272671212667045,-1.5650178702232462,2
-1.2600941735083426,-1.0713520913823644,2
-0.8515391433798228,-1.813878709141525,2
-1.1669482107148599,-1.2934521195102846,2
-0.892473186526425,-1.4563425016743388,2
-1.1951070268401898,-1.2319846461003139,2
-0.5429743051942598,-1.5477354182354666,2
-0.5860632767827412,-1.26793383552667,2
-1.7193060425690028,-1.4823507563928995,2
-1.3623200079662217,-1.4801299300308721,2
-0.8369698806873075,-1.4439804686047357,2
-0.7599069470385211,-1.296480114107158,2
-1.1735952472226825,-1.134874629798448,2
-0.5401413821780111,-1.492537834071616,2
-1.556196061350222,-1.1822025830845238,2
-1.0789404061322063,-0.9972868077104798,2
-0.8890686322260009,-1.3109000344358552,2
-1.440395835141839,-1.2253275030023651,2
-1.3062024113075434,-1.7527241568348657,2
-1.2681665333115884,-1.0508750635219832,2
-0.6023139588578731,-1.2811580318508484,2
-1.1421533814865885,-1.2405328214422773,2
-1.2782659928979319,-1.0323769626648849,2
-1.16583580742999,-0.867587992574664,2
-1.3632521426175706,-1.2238923077968904,2
-0.7234427680889909,-1.4012529914963958,2
-0.9908453833816748,-1.5165944824828077,2
-1.1991003938240887,-0.947773262316062,2
-0.9806061253503158,-1.3359505841444104,2
-0.46220886547825574,-1.3861928434058903,2
-0.8603323538646542,-1.0145714410830031,2
-1.0637170855947709,-1.33980244824847,2
-1.588952062737703,-1.096502218943117,2
-0.7597550897063169,-1.4439711062349794,2
-1.3291274091880338,-1.0457812293340079,2
-1.0588589168051314,-1.2413937446305945,2
-1.7937248337629343,-1.1052589464609393,2
-0.9628343786129117,-1.4573955570007595,2
-1.0788738873959642,-1.697911143992855,2
-1.054102119286293,-0.9468220593328339,2
-0.7199747472581756,-1.310473520819293,2
-1.5289489182189833,-1.2195824701894706,2
-0.7155008950900036,-1.0730842325033279,2
-1.318624428682768,-1.0921875147315538,2
-0.9709265671641178,-1.3125046199023438,2
-1.3142938170747827,-1.4275939982266077,2
-1.1091233904859568,-1.7050550208050899,2
-1.354033499598957,-1.55417020768677,2
-0.9681848791108041,-1.13626039870046,2
-0.4125441944803699,-1.0261504871206673,2
-0.788059759322122,-0.8239383655244352,2
-0.37141332369460645,-1.42400130900507,2
-0.2269774124979811,-1.1559612599294562,2
-0.5973121925887848,-1.0577841724309498,2
-0.5609256431528653,-1.5724383226410517,2
-0.40243125335034463,-1.3554477223968995,2
-0.46823600384923963,-0.9831930142432102,2
-0.4046000046259607,-0.8594992558152258,2
-0.5792180000481789,-1.1288570300305845,2
-0.013488073799708563,-0.9152158719799227,2
-0.282027301204057,-1.391011736904839,2
-0.6898754939801179,-1.3230771272768047,2
-0.7030895875360303,-1.2198058336777693,2
-0.578340697427711,-0.9667450866752604,2
-0.20641868250816725,-1.1503026816141568,2
-0.3449541758535647,-1.321013614816261,2
-0.4322050423433625,-1.068451319906451,2
-0.7367282829528599,-1.3298406265620488,2
-0.8420446384251609,-1.297917764948127,2
-0.9449338055411705,-1.1149566757202471,2
-0.8748945468290363,-1.1014181010639381,2
-0.4333243680095889,-1.434285651174661,2
-0.7518375050493542,-1.3358168180117989,2
-0.258308488936403,-1.3120867327422734,2
-1.014336278021603,-1.4081307431532188,2
-0.33057789626316414,-1.8415133914173543,2
-0.2034407224667691,-0.8400294672505715,2
-0.21594575179944675,-1.3838744879038885,2
-0.406415807880976,-1.438149263858228,2
